<?xml version="1.0" encoding="UTF-8"?>
<project-private xmlns="http://www.netbeans.org/ns/project-private/1">
    <editor-bookmarks xmlns="http://www.netbeans.org/ns/editor-bookmarks/2" lastBookmarkId="0"/>
    <open-files xmlns="http://www.netbeans.org/ns/projectui-open-files/2">
        <group>
            <file>file:/F:/CSE%202-1/TCPClient/src/tcpclient/client.fxml</file>
            <file>file:/F:/CSE%202-1/TCPClient/src/tcpclient/TCPClient.java</file>
            <file>file:/F:/CSE%202-1/TCPClient/src/tcpclient/ClientController.java</file>
        </group>
    </open-files>
</project-private>
