<?xml version="1.0" encoding="UTF-8"?>
<project-private xmlns="http://www.netbeans.org/ns/project-private/1">
    <editor-bookmarks xmlns="http://www.netbeans.org/ns/editor-bookmarks/2" lastBookmarkId="0"/>
    <open-files xmlns="http://www.netbeans.org/ns/projectui-open-files/2">
        <group>
            <file>file:/E:/CSE%201-2/Diary/src/diary/FrontController.java</file>
            <file>file:/E:/CSE%201-2/Diary/src/diary/LoginController.java</file>
            <file>file:/E:/CSE%201-2/Diary/src/diary/Login.fxml</file>
            <file>file:/E:/CSE%201-2/Diary/src/diary/CreateaccountController.java</file>
            <file>file:/E:/CSE%201-2/Diary/src/diary/Createaccount.fxml</file>
            <file>file:/E:/CSE%201-2/Diary/src/diary/Diary.java</file>
            <file>file:/E:/CSE%201-2/Diary/src/diary/front.fxml</file>
        </group>
    </open-files>
</project-private>
